<?xml version="1.0" encoding="UTF-8"?>
    <cercle>
    	<Forme  id="C" >
             <rayon r="60"/>
    	     <centre cx="200" cy="200"/>
       </Forme>
        <Forme  id="kkk" >
             <rayon r="10"/>
    	     <centre cx="20" cy="150"/>
       </Forme>
       
       <Forme  id="vfgb" >
             <rayon r="160"/>
    	     <centre cx="30" cy="30"/>
       </Forme>
       
       <rect  id="Rectt" >
              <position x="400" y="400"/>
    	     <prop  width="40" height="40"/>
       </rect>
       
       <rect  id="Rectt2" >
              <position x="400" y="40"/>
    	     <prop  width="40" height="140"/>
       </rect>
       
       
    </cercle>
